{"train/loss":1.4845695495605469,"train/point_pos_num":4500,"train/rcnn_loss_cls":0.41378462314605713,"train/point_loss_cls":0.020102733746170998,"train/rcnn_loss_corner":0.025817248970270157,"train/accumulated_iter":3040,"_runtime":1485.281915544,"_step":3040,"train/rcnn_loss":0.5386775732040405,"train/point_loss_part":0.5490784645080566,"train/batch_time":0.11916518211364746,"train/rpn_loss":0.37671083211898804,"train/forward_time":0.06747174263000488,"train/rpn_loss_loc":0.25516849756240845,"train/rpn_loss_cls":0.09873472154140472,"train/data_time":0.0002562999725341797,"_wandb":{"runtime":1485},"_timestamp":1.7394440831076932e+09,"train/learning_rate":1.0741627176225557e-07,"train/rpn_loss_dir":0.022807611152529716,"train/rcnn_loss_reg":0.09907568991184235}