{"_wandb":{"runtime":24},"train/loss":2.7624950408935547,"_runtime":24.906468594,"train/point_loss_box":1.5380263328552246,"train/rcnn_loss_cls":0.2461666762828827,"train/rcnn_loss_reg":0,"train/point_pos_num":4462,"train/rcnn_loss":0.2461666762828827,"train/forward_time":0.058786630630493164,"train/learning_rate":0.0010210951982743046,"_step":75,"train/point_loss_cls":0.28530487418174744,"train/data_time":0.0002570152282714844,"train/point_loss_part":0.6929972767829895,"train/rcnn_loss_corner":0.24298039078712463,"train/accumulated_iter":75,"_timestamp":1.739304976241641e+09,"train/batch_time":0.09178614616394043}