{"train/forward_time":0.06179618835449219,"train/rcnn_loss_corner":0.026027631014585495,"train/rcnn_loss":0.5544816851615906,"train/data_time":0.00010728836059570312,"_runtime":1412.616019935,"_timestamp":1.7393536515679128e+09,"_wandb":{"runtime":1412},"train/batch_time":0.09339404106140137,"train/accumulated_iter":6000,"train/loss":1.3554511070251465,"train/point_loss_cls":0.02871009334921837,"train/point_pos_num":4868,"train/rcnn_loss_cls":0.4081353545188904,"train/point_loss_part":0.5450647473335266,"_step":6000,"train/point_loss_box":0.22719457745552063,"train/rcnn_loss_reg":0.1203187108039856,"train/learning_rate":1.0190383971428438e-07}