{"train/rcnn_loss_corner":0.005370731465518475,"_wandb":{"runtime":24},"train/batch_time":0.09656286239624023,"train/learning_rate":0.0010210951982743046,"_timestamp":1.7393051248847253e+09,"train/rcnn_loss_cls":0.25142866373062134,"train/loss":2.7390105724334717,"train/point_loss_cls":0.30451828241348267,"_step":75,"train/point_loss_part":0.6817802786827087,"train/data_time":0.0004603862762451172,"train/rcnn_loss":0.25142866373062134,"train/point_pos_num":4723,"train/point_loss_box":1.5012834072113037,"train/forward_time":0.06511235237121582,"train/accumulated_iter":75,"train/rcnn_loss_reg":0,"_runtime":24.501662697}